Workbook

Sheet 北京印厂
A1: 中国经营报印数表
A2: （此表给人民日报印厂邮一科）
A3: 期数：2649 版数：24 出版日期：2026年4月27日
A4: 渠道名称 | C4: 数量 | D4: 插报要求
A5: 北京报刊局 (邮发） | B5: 本市 | C5: ='人民日报印厂`'!C8 -> 1212
B6: 外埠 | C6: ='人民日报印厂`'!C9 -> 5575
A7: 报社总部（社用） | C7: ='收发室自留分发（需打印）'!B19 -> 230 | D7: 早4：00前插报完成 | G7: 1441
A8: 报社总部（其他） | C8: =G9 -> 1211 | D8: 早4：00前插报完成 | G8: =C7 -> 230
A9: 北京零售公司 (邮局-快速邮路） | B9: 东部 | C9: ='零售渠道`'!B4 -> 460 | D9: 早2：30前插报完成 | G9: =G7-G8 -> 1211
B10: 西部 | C10: ='零售渠道`'!B5 -> 592 | D10: 早2：30前插报完成
A11: 合订本专用 | C11: 15 | D11: 印厂留存
A12: 合计 | C12: =SUM(C5:C11) -> 9295
D14: 中国经营报社印务部
D15: 制表时间：2026年4月24日

Sheet 人民日报印厂`
A1: 中国经营报印数合计
A2: =北京印厂!A3 -> 期数：2649 版数：24 出版日期：2026年4月27日
A3: 地 点 | C3: 本期印数 | D3: 上期印数 | E3: 同上期比 | F3: 比率
A4: 北京印厂印数 | C4: ='零售渠道`'!B7+'订阅渠道`'!B8+'社用报`'!B28 -> 9295 | D4: 9265 | E4: =C4-D4 -> 30 | F4: =E4/D4 -> 0.0032379924
A5: 合计 | C5: =SUM(C4:C4) -> 9295 | D5: =SUM(D4:D4) -> 9265 | E5: =SUM(E4:E4) -> 30 | F5: =E5/D5 -> 0.0032379924
A7: 类别 | C7: 本期印数 | D7: 上期印数 | E7: 同上期比 | F7: 比率
A8: 北京报刊局 （邮发） | B8: 本市 | C8: 1212 | D8: 1212 | E8: =C8-D8 -> 0 | F8: =E8/D8 -> 0
B9: 外埠 | C9: 5575 | D9: 5572 | E9: =C9-D9 -> 3 | F9: =E9/D9 -> 0.00053840632
A10: 北京零售公司 | C10: ='零售渠道`'!B4+'零售渠道`'!B5 -> 1052 | D10: 1052 | E10: =C10-D10 -> 0 | F10: =E10/D10 -> 0
A11: 外埠零售渠道 | C11: ='零售渠道`'!B6 -> 500 | D11: 500 | E11: =C11-D11 -> 0 | F11: =E11/D11 -> 0 | I11: ='收发室自留分发（需打印）'!B19 -> 230 | J11: 打印
A12: 驻外地机构用报 | C12: ='社用报`'!B19+'社用报`'!B20+'社用报`'!B22+'社用报`'!B21 -> 52 | D12: 52 | E12: =C12-D12 -> 0 | F12: =E12/D12 -> 0 | I12: ='社用报`'!I5 -> 53 | J12: 读者
A13: 发行商订阅自投 | C13: ='订阅渠道`'!B5+'订阅渠道`'!B6+'订阅渠道`'!B7 -> 398 | D13: 398 | E13: =C13-D13 -> 0 | F13: =E13/D13 -> 0 | I13: ='社用报`'!I6 -> 68 | J13: 备用
A14: 报社订阅自投/展示 | C14: ='社用报`'!B18 -> 140 | D14: 140 | E14: =C14-D14 -> 0 | F14: =E14/D14 -> 0 | I14: 15 | J14: 印厂留存
A15: 社内用 | C15: =I15 -> 366 | D15: 339 | E15: =C15-D15 -> 27 | F15: =E15/D15 -> 0.079646018 | I15: =SUM(I11:I14) -> 366
A16: 临时加印 | C16: ='社用报`'!B27 -> 0 | D16: 0 | E16: =C16-D16 -> 0 | F16: -
A17: 总印数 | C17: =SUM(C8:C16) -> 9295 | D17: =SUM(D8:D16) -> 9265 | E17: =SUM(E8:E16) -> 30 | F17: =E17/D17 -> 0.0032379924
A19: 制表：卢娅丽 负责人签字： | E19: =北京印厂!D15 -> 制表时间：2026年4月24日
A23: 中国经营报印数表
A24: （此表给人民日报印厂邮一科）
A25: =北京印厂!A3 -> 期数：2649 版数：24 出版日期：2026年4月27日
A26: 渠道名称 | E26: 数量 | F26: 插报要求
A27: 北京报刊局 (邮发） | C27: 本市 | E27: =北京印厂!C5 -> 1212
C28: 外埠 | E28: =北京印厂!C6 -> 5575
A29: 报社总部（社用） | E29: =北京印厂!C7 -> 230 | F29: 早4：00前插报完成
A30: 报社总部（其他） | E30: =北京印厂!C8 -> 1211 | F30: 早4：00前插报完成
A31: 北京零售公司 (邮局-快速邮路） | C31: 东部 | E31: =北京印厂!C9 -> 460 | F31: 早2：30前插报完成
C32: 西部 | E32: =北京印厂!C10 -> 592 | F32: 早2：30前插报完成
A33: =北京印厂!A11 -> 合订本专用 | E33: =北京印厂!C11 -> 15 | F33: =北京印厂!D11 -> 印厂留存
A34: 合计 | E34: =SUM(E27:E33) -> 9295
F36: 中国经营报社印务部
F37: =北京印厂!D15 -> 制表时间：2026年4月24日

Sheet 零售渠道`
A1: 传统零售渠道报数统计
A2: =北京印厂!A3 -> 期数：2649 版数：24 出版日期：2026年4月27日
A3: 渠道名称 | B3: 本期印数 | C3: 上期印数 | D3: 同上期比 | E3: 印刷地点
A4: 北京报零 | B4: 460 | C4: 460 | D4: =(B4-C4) -> 0 | E4: 东部
B5: 592 | C5: 592 | D5: =(B5-C5) -> 0 | E5: 西部
A6: 广州日报 （零售） | B6: 500 | C6: 500 | D6: =(B6-C6) -> 0 | E6: 北京快递
A7: 报数合计 | B7: =SUM(B4:B6) -> 1552 | C7: =SUM(C4:C6) -> 1552 | D7: =SUM(D4:D6) -> 0

Sheet 订阅渠道`
A1: 订阅渠道报数统计
A2: =北京印厂!A3 -> 期数：2649 版数：24 出版日期：2026年4月27日
A3: 渠道名称 | B3: 本期印数 | C3: 上期印数 | D3: 同上期比 | E3: 印刷地点
A4: 北京报刊局 （邮发） | B4: ='人民日报印厂`'!C8+'人民日报印厂`'!C9 -> 6787 | C4: 6784 | D4: =(B4-C4) -> 3
A5: 国图贸 | B5: 1 | C5: 1 | D5: =(B5-C5) -> 0 | E5: 北京快递
A6: 广州日报 （订户） | B6: 31 | C6: 31 | D6: =(B6-C6) -> 0 | E6: 北京快递
A7: 杂志铺 | B7: 366 | C7: 366 | D7: =(B7-C7) -> 0 | E7: 北京快递
A8: 报数合计 | B8: =SUM(B4:B7) -> 7185 | C8: =SUM(C4:C7) -> 7182 | D8: =SUM(D4:D7) -> 3

Sheet 社用报`
A1: 《中国经营报》社用报统计表
A2: =北京印厂!A3 -> 期数：2649 版数：24 出版日期：2026年4月27日
A3: 地点 | B3: 本期印数 | C3: 上期印数 | D3: 同上期比 | E3: 分发地 | F3: 印刷地点
A4: 营报传媒 | B4: =I4+I5+I6 -> 150 | C4: 148 | D4: =B4-C4 -> 2 | E4: 报社 | F4: 北京 | I4: ='收发室自留分发（需打印）'!B5 -> 29 | J4: 报社
A5: 中经传媒智库 | B5: ='收发室自留分发（需打印）'!B6 -> 3 | C5: 3 | D5: =B5-C5 -> 0 | E5: 报社 | I5: 53 | J5: 读者
A6: 新闻中心 | B6: ='收发室自留分发（需打印）'!B7 -> 45 | C6: 45 | D6: =B6-C6 -> 0 | E6: 报社 | I6: 68 | J6: 备用
A7: 行政 | B7: ='收发室自留分发（需打印）'!B8 -> 4 | C7: 4 | D7: =B7-C7 -> 0 | E7: 报社
A8: 财经中心 | B8: ='收发室自留分发（需打印）'!B9 -> 25 | C8: 20 | D8: =B8-C8 -> 5 | E8: 报社
A9: 产经中心 | B9: ='收发室自留分发（需打印）'!B10 -> 25 | C9: 5 | D9: =B9-C9 -> 20 | E9: 报社
A10: 出版中心 | B10: ='收发室自留分发（需打印）'!B11 -> 10 | C10: 10 | D10: =B10-C10 -> 0 | E10: 报社
A11: 品牌中心 | B11: ='收发室自留分发（需打印）'!B12 -> 5 | C11: 5 | D11: =B11-C11 -> 0 | E11: 报社
A12: 经营网 | B12: ='收发室自留分发（需打印）'!B13 -> 7 | C12: 7 | D12: =B12-C12 -> 0 | E12: 报社
A13: 法务 | B13: ='收发室自留分发（需打印）'!B14 -> 2 | C13: 2 | D13: =B13-C13 -> 0 | E13: 报社
A14: 社科院、工经所 | B14: ='收发室自留分发（需打印）'!B15 -> 64 | C14: 64 | D14: =B14-C14 -> 0 | E14: 报社
A15: 财务 | B15: ='收发室自留分发（需打印）'!B16 -> 1 | C15: 1 | D15: =B15-C15 -> 0 | E15: 报社
A16: 库房 | B16: ='收发室自留分发（需打印）'!B17 -> 10 | C16: 10 | D16: =B16-C16 -> 0 | E16: 报社
A17: 印厂留存 | B17: 15 | C17: 15 | D17: =B17-C17 -> 0 | E17: 报社
A18: 报社订阅自投/展示 | B18: =I18+I19 -> 140 | C18: 140 | D18: =B18-C18 -> 0 | E18: 报社 | F18: 北京快递 | I18: 30 | J18: 上犹
A19: 上海站用 | B19: 10 | C19: 10 | D19: =B19-C19 -> 0 | E19: 上海 | F19: 北京快递 | I19: 110 | J19: 高铁展示
A20: 广东站用 | B20: 30 | C20: 30 | D20: =B20-C20 -> 0 | E20: 广东 | F20: 北京快递
A21: 成都站用 | B21: 2 | C21: 2 | D21: =B21-C21 -> 0 | E21: 成都 | F21: 北京快递
A22: 西安站用 | B22: 10 | C22: 10 | D22: =B22-C22 -> 0 | E22: 西安 | F22: 北京快递
A23: 营报传媒加印 | B23: 0 | C23: 0 | D23: =B23-C23 -> 0 | E23: 报社 | F23: 北京
A24: 财经中心加印 | B24: 0 | C24: 0 | D24: =B24-C24 -> 0 | E24: 报社 | F24: 北京
A25: 中经未来 | B25: 0 | C25: 0 | D25: =B25-C25 -> 0 | E25: 报社 | F25: 北京
A26: 产经中心加印 | B26: 0 | C26: 0 | D26: =B26-C26 -> 0 | E26: 报社 | F26: 北京
A27: 临时加印 | B27: 0 | C27: 0 | D27: =B27-C27 -> 0 | E27: 展示 | F27: 北京快递
A28: 合计 | B28: =SUM(B4:B27) -> 558 | C28: =SUM(C4:C27) -> 531 | D28: =SUM(D4:D27) -> 27

Sheet 收发室自留分发（需打印）
A2: 《中国经营报》社用报分发表
A3: =北京印厂!A3 -> 期数：2649 版数：24 出版日期：2026年4月27日
A4: 部门 | B4: 本期印数 | C4: 领用人 | D4: 备注 | E4: 领用人签字
A5: 营报传媒 | B5: 29 | C5: 卢娅丽
A6: 中经传媒智库 | B6: 3 | C6: 赵震平
A7: 新闻中心 | B7: 45 | C7: 翟军
A8: 行政 | B8: 4 | C8: 黄鹤
A9: 财经中心 | B9: 25 | C9: 齐士娟
A10: 产经中心 | B10: 25 | C10: 刘家懿
A11: 出版中心 | B11: 10 | C11: 翟军
A12: 品牌中心 | B12: 5 | C12: 张威
A13: 经营网 | B13: 7 | C13: 孙明胜
A14: 法务 | B14: 2 | C14: 张伊萍
A15: 社科院、工经所 | B15: 64 | D15: 社科院43、工经所21
A16: 财务 | B16: 1 | C16: 王钧
A17: 库房 | B17: 10
A18: 临时加印（报社内存） | B18: ='社用报`'!B24 -> 0
A19: 合计 | B19: =SUM(B5:B18) -> 230
A20: 捆数 | B20: =B19/50 -> 4.6
